chr	rs	ps	p_wald	af	beta	se	gene
2	rs22209901	50450000	1.8e-12	0.38	0.42	0.06	FTO
2	rs22209902	50470000	3.2e-11	0.37	0.39	0.06	FTO
2	rs22209903	50490000	7.5e-10	0.40	0.35	0.06	FTO
2	rs22209904	50510000	2.1e-08	0.36	0.30	0.06	FTO
2	rs22209905	50530000	8.4e-07	0.41	0.22	0.06	FTO
1	rs22100101	16131800	4.7e-09	0.25	0.38	0.06	MC4R
1	rs22100102	16132200	1.3e-08	0.27	0.34	0.06	MC4R
1	rs22100103	16132800	5.6e-07	0.23	0.28	0.06	MC4R
1	rs22100104	16133050	2.8e-06	0.29	0.21	0.06	MC4R
20	rs22200201	24805000	6.3e-10	0.31	0.36	0.05	LEP
20	rs22200202	24808000	2.9e-09	0.33	0.33	0.05	LEP
20	rs22200203	24811000	8.1e-08	0.30	0.27	0.05	LEP
20	rs22200204	24814000	4.5e-07	0.35	0.20	0.05	LEP
20	rs22200205	24816000	7.2e-06	0.32	0.15	0.05	LEP
