chr	rs	ps	p_wald	af	beta	se
1	rs1421085	53786615	2.5e-12	0.42	0.35	0.05
1	rs9939609	53800954	5.1e-11	0.41	0.32	0.05
1	rs1558902	53803574	8.3e-10	0.43	0.28	0.05
1	rs17817449	53813367	1.2e-08	0.40	0.24	0.05
1	rs8050136	53816275	3.4e-07	0.39	0.19	0.05
2	rs10938397	45182527	1.8e-09	0.35	0.27	0.05
2	rs6548238	622827	4.2e-08	0.28	0.22	0.05
2	rs2867125	624905	6.7e-07	0.31	0.18	0.05
2	rs543874	622348	2.1e-06	0.33	0.15	0.05
2	rs7561317	637231	8.9e-06	0.36	0.12	0.05
16	rs9930506	53786615	3.2e-15	0.44	0.41	0.05
16	rs7190492	53790000	7.8e-12	0.42	0.36	0.05
16	rs9941349	53795000	1.5e-09	0.41	0.29	0.05
16	rs1121980	53798000	4.3e-07	0.38	0.21	0.05
16	rs9939609	53800954	9.1e-06	0.40	0.16	0.05
